{"cameraMode":{"drawMode":0,"name":"Shaded","section":"Shading Mode"},"sceneLighting":true,"audioPlay":false,"sceneViewState":{"showFog":false,"showMaterialUpdate":false,"showSkybox":false,"showFlares":true,"showImageEffects":true,"showParticleSystems":true},"in2DMode":false,"pivot":{"x":-32.458194732666019,"y":-15.038411140441895,"z":63.012115478515628},"rotation":{"x":0.08839403092861176,"y":-0.6465970873832703,"z":0.07580485194921494,"w":0.7539137005805969},"size":43.60905456542969,"orthographic":false}